start_dataset,end_dataset,start_llm,end_llm,start_transformer,end_transformer
50,56,36,40,45,57
45,47,58,80,36,71
47,53,44,52,30,37
107,111,58,70,47,69
33,39,54,66,33,43
31,35,32,40,59,68
105,113,60,66,103,114
73,79,42,52,48,56
49,51,34,50,41,52
52,54,44,52,44,55
53,57,44,56,46,58
48,52,50,68,33,76
84,86,28,38,36,72
53,57,30,38,33,39
106,114,76,86,64,71
50,54,50,62,52,65
89,93,58,78,72,80
54,58,30,38,47,59
52,56,34,38,45,57
56,60,52,58,49,61
50,54,46,58,43,64
49,55,52,58,64,74
49,53,46,52,114,122
135,141,74,86,98,113
36,40,52,64,39,63
89,93,50,60,61,68
87,93,30,38,54,63
66,70,58,78,63,75
45,49,36,48,40,50
35,37,16,26,30,38
69,75,44,60,48,67
58,64,20,38,38,49
25,27,12,24,22,28
45,49,34,44,40,50
71,77,72,80,67,75
83,87,76,86,28,70
81,85,62,78,48,65
45,51,30,38,41,52
68,72,46,58,49,72
25,29,22,28,27,34
71,75,32,42,63,70
47,49,34,46,40,50
75,81,74,84,79,87
56,60,74,82,67,75
66,70,72,80,33,74
17,23,56,66,40,60
126,130,76,86,84,92
89,93,50,60,75,82
49,55,52,60,54,63
79,91,54,64,60,67
46,48,34,46,39,49
69,71,52,60,34,58
45,51,58,86,58,66
47,51,48,50,41,52
56,58,52,56,47,59
22,24,12,22,20,25
28,32,48,60,31,38
58,62,50,66,76,89
63,69,52,72,39,59
61,65,50,62,41,55
60,66,38,42,35,43
56,60,36,46,33,64
14,18,74,88,49,67
22,26,58,82,33,70
72,76,36,52,46,66
58,62,32,40,71,78
33,37,32,42,35,46
42,46,38,48,31,76
33,37,32,44,40,50
29,33,64,80,59,66
89,97,54,66,76,84
57,61,32,44,51,62
57,63,58,78,57,74
59,63,30,40,34,58
34,38,16,26,34,64
61,67,42,50,41,88
95,99,58,78,44,64
52,56,32,54,45,57
85,87,40,58,23,66
127,131,50,60,108,115
45,47,36,46,38,48
77,83,88,104,40,89
49,53,30,38,33,63
36,46,58,86,67,77
53,57,44,62,65,77
60,62,22,30,44,52
95,101,52,64,60,72
31,33,26,32,27,34
23,29,44,52,45,66
77,81,76,82,35,43
30,36,32,40,39,46
25,31,12,18,30,38
71,75,52,66,66,75
63,73,50,60,37,44
46,54,76,86,58,66
69,73,58,78,56,63
94,100,90,100,50,57
29,33,26,32,27,34
62,66,44,50,42,52
77,81,52,60,42,75
86,88,58,78,78,88
49,53,42,52,28,61
43,45,32,38,37,46
58,62,40,54,51,63
70,74,64,78,45,65
82,90,18,30,35,41
40,46,34,46,76,87
41,47,34,46,48,58
72,80,32,40,30,68
74,80,48,60,85,95
44,48,36,46,39,49
70,78,76,86,47,89
31,35,22,38,32,75
28,34,74,78,42,51
90,94,54,64,70,78
85,89,44,56,72,80
49,53,22,32,59,74
21,23,16,22,19,24
70,74,70,82,34,85
78,82,76,80,33,71
29,35,52,62,72,79
30,32,22,30,26,33
50,54,48,60,48,69
61,65,96,116,76,85
34,38,34,36,32,39
84,88,54,70,85,92
56,62,52,66,32,73
34,36,30,34,29,37
68,72,66,70,37,59
31,35,24,32,29,36
35,39,34,50,41,52
100,104,66,82,54,72
53,57,42,52,29,38
62,66,50,62,32,56
114,118,76,86,94,102
29,33,50,58,44,52
62,66,66,68,30,57
79,83,46,58,36,70
45,49,50,60,49,69
16,20,54,66,90,99
71,81,52,66,29,70
77,81,72,84,65,74
50,58,34,44,72,79
26,28,14,26,23,29
61,65,54,64,41,52
51,55,42,52,58,65
55,59,72,80,42,67
74,80,50,60,63,70
51,59,38,60,28,75
56,58,44,56,47,59
44,46,30,40,44,65
61,71,88,100,60,75
41,47,32,44,35,72
63,67,54,66,68,95
46,50,42,48,34,64
51,57,50,60,48,67
29,33,30,40,49,67
64,68,30,40,64,71
103,107,50,60,98,108
57,63,44,64,51,72
77,81,70,80,16,61
59,61,48,60,49,62
34,40,44,58,32,60
112,116,72,78,60,78
67,69,38,50,32,59
22,26,22,28,47,59
95,99,52,60,63,75
48,52,52,62,40,86
66,68,18,38,39,55
79,83,42,52,67,74
36,40,30,38,67,73
75,79,52,60,65,74
25,29,30,40,45,66
52,56,34,44,47,59
81,87,22,28,115,123
81,87,34,46,39,90
39,45,30,38,35,47
60,68,52,68,49,66
23,29,22,26,25,32
48,52,34,42,46,54
74,78,76,86,55,67
50,54,38,52,44,55
87,93,62,78,79,87
19,23,20,26,38,48
76,80,36,50,106,117
56,60,32,38,98,108
60,66,34,44,57,67
77,81,34,38,42,69
41,45,50,60,26,70
96,106,86,100,60,73
17,19,12,18,16,20
33,37,34,44,67,74
69,71,36,44,41,60
53,59,32,38,77,87
59,63,58,72,33,62
49,53,50,58,82,115
40,46,38,60,80,93
63,67,52,66,75,89
88,94,50,60,59,69
61,63,30,38,51,64
66,70,46,64,47,65
77,81,72,80,49,58
57,61,74,84,19,27
66,74,30,38,96,109
53,55,36,46,45,56
33,39,36,42,35,44
33,35,16,30,29,36
55,59,50,58,60,74
50,56,36,44,45,57
23,27,50,62,34,48
34,38,34,38,31,39
47,49,34,46,40,50
44,48,34,46,40,51
46,54,42,58,34,40
60,62,56,60,50,63
44,50,34,46,37,87
69,77,32,44,59,70
62,66,52,64,31,59
83,95,54,64,74,82
98,102,34,44,80,93
68,72,62,66,31,63
29,31,18,22,25,32
16,22,58,82,79,94
66,72,54,72,21,70
51,57,30,38,38,61
42,46,20,32,69,80
50,58,48,58,48,70
51,55,22,32,45,56
141,145,28,38,82,93
102,108,44,52,83,115
34,40,34,40,31,60
73,77,34,44,69,81
104,108,42,46,119,127
60,64,48,62,52,65
105,109,32,40,67,77
13,15,8,12,13,16
50,56,50,54,45,57
32,34,76,86,80,92
55,59,48,58,48,60
65,71,44,58,53,60
19,23,20,26,36,57
48,50,34,48,41,51
37,41,58,66,18,68
46,50,16,26,66,77
23,27,30,40,75,82
42,48,52,64,46,66
53,55,18,26,45,56
42,44,36,42,36,45
72,76,30,38,29,61
102,106,44,52,71,78
53,57,46,56,46,58
55,59,76,86,60,74
41,45,24,38,29,39
60,66,48,70,38,59
37,43,46,58,95,102
32,40,34,48,40,50
33,35,14,20,29,36
60,64,54,62,53,65
54,60,50,60,83,95
80,84,92,100,63,74
26,30,46,58,77,91
58,62,36,46,38,45
80,84,76,90,48,66
44,46,22,26,37,47
35,39,52,68,29,43
63,67,36,44,37,56
29,31,80,96,61,87
42,46,10,22,30,57
63,67,52,68,47,62
43,47,54,68,30,72
46,48,24,46,39,49
68,74,24,44,97,104
34,38,34,44,37,47
23,25,16,24,21,26
49,53,34,46,45,56
80,84,42,52,56,78
66,72,76,86,34,42
77,81,92,100,46,67
50,54,96,106,64,71
43,49,34,50,41,52
65,69,54,68,43,64
61,69,66,84,29,72
25,29,34,38,49,62
37,41,34,40,33,42
23,29,32,40,46,58
65,67,56,66,48,55
72,76,34,40,36,62
130,134,50,60,123,130
57,61,34,38,92,99
21,25,72,84,50,66
62,72,86,110,65,74
133,143,88,98,113,119
64,68,38,62,38,45
39,45,36,44,37,46
29,33,22,32,50,59
53,57,50,60,81,93
39,43,38,46,44,63
27,29,22,28,24,30
56,62,56,68,35,56
50,54,46,52,44,55
77,81,32,40,40,63
44,46,20,22,37,47
69,79,70,80,55,64
65,67,58,66,29,58
83,87,74,84,49,70
70,76,58,82,61,68
40,44,30,42,36,45
66,70,50,58,51,58
59,63,62,70,44,60
53,55,46,54,45,56
48,52,34,50,42,53
27,31,74,84,40,61
109,115,22,28,76,83
76,82,54,60,57,81
70,74,66,72,33,60
26,30,22,28,25,31
85,91,52,60,48,67
14,18,94,100,33,54
90,96,48,54,84,91
66,70,72,78,48,68
43,51,54,66,34,85
96,104,50,60,61,80
62,66,44,54,41,61
76,84,50,60,84,103
53,57,22,32,46,58
20,24,66,78,26,37
55,59,14,20,48,60
24,30,10,18,69,78
91,97,66,78,117,128
58,62,44,52,69,90
37,39,30,38,32,40
32,36,14,26,28,59
75,77,32,40,28,62
60,62,38,60,43,53
59,67,76,86,45,66
77,81,76,80,80,86
31,37,34,46,70,78
68,72,50,70,66,76
27,31,34,38,51,66
36,40,76,90,46,63
81,87,30,40,46,88
15,19,54,66,50,68
85,89,72,88,77,90
71,75,54,66,74,86
55,59,74,86,45,64
92,96,26,32,52,60
33,35,24,34,29,36
37,41,24,44,41,52
125,131,30,40,83,89
66,70,54,66,47,65
102,106,42,58,103,113
67,71,50,58,72,85
45,51,96,108,58,65
55,63,16,22,64,71
74,82,26,38,115,126
91,95,32,38,65,72
17,21,94,104,62,69
36,40,26,38,37,61
34,38,56,68,34,85
75,79,76,86,86,93
48,54,34,40,44,55
45,49,30,48,40,50
72,74,52,60,26,59
59,63,66,72,62,69
63,67,76,90,55,65
16,20,52,60,47,66
65,69,54,66,37,86
52,56,52,60,80,108
14,18,28,38,81,89
99,103,12,18,61,74
54,58,44,60,33,71
43,47,38,46,41,52
47,51,46,64,54,67
42,48,42,46,39,49
43,49,24,46,40,50
130,132,54,66,57,71
57,61,34,44,49,62
61,65,44,52,34,58
147,153,52,60,96,106
50,54,32,40,44,55
41,45,32,40,46,58
66,70,32,42,48,66
63,65,14,18,18,55
92,98,50,60,29,40
76,78,80,90,80,87
60,64,30,38,40,50
100,104,64,78,69,80
20,24,30,46,79,86
36,40,46,68,43,58
35,37,28,36,30,38
62,66,16,28,34,43
37,41,48,58,105,112
37,41,30,38,33,42
57,61,34,44,49,62
41,47,58,78,30,42
71,77,44,60,27,38
56,60,32,40,49,61
28,32,24,38,34,58
51,55,46,60,36,86
105,109,26,38,31,44