start_dataset,end_dataset,start_llm,end_llm
50,56,36,40
45,47,58,80
47,53,44,52
107,111,58,70
33,39,54,66
31,35,32,40
105,113,60,66
73,79,42,52
49,51,34,50
52,54,44,52
53,57,44,56
48,52,50,68
84,86,28,38
53,57,30,38
106,114,76,86
50,54,50,62
89,93,58,78
54,58,30,38
52,56,34,38
56,60,52,58
50,54,46,58
49,55,52,58
49,53,46,52
135,141,74,86
36,40,52,64
89,93,50,60
87,93,30,38
66,70,58,78
45,49,36,48
35,37,16,26
69,75,44,60
58,64,20,38
25,27,12,24
45,49,34,44
71,77,72,80
83,87,76,86
81,85,62,78
45,51,30,38
68,72,46,58
25,29,22,28
71,75,32,42
47,49,34,46
75,81,74,84
56,60,74,82
66,70,72,80
17,23,56,66
126,130,76,86
89,93,50,60
49,55,52,60
79,91,54,64
46,48,34,46
69,71,52,60
45,51,58,86
47,51,48,50
56,58,52,56
22,24,12,22
28,32,48,60
58,62,50,66
63,69,52,72
61,65,50,62
60,66,38,42
56,60,36,46
14,18,74,88
22,26,58,82
72,76,36,52
58,62,32,40
33,37,32,42
42,46,38,48
33,37,32,44
29,33,64,80
89,97,54,66
57,61,32,44
57,63,58,78
59,63,30,40
34,38,16,26
61,67,42,50
95,99,58,78
52,56,32,54
85,87,40,58
127,131,50,60
45,47,36,46
77,83,88,104
49,53,30,38
36,46,58,86
53,57,44,62
60,62,22,30
95,101,52,64
31,33,26,32
23,29,44,52
77,81,76,82
30,36,32,40
25,31,12,18
71,75,52,66
63,73,50,60
46,54,76,86
69,73,58,78
94,100,90,100
29,33,26,32
62,66,44,50
77,81,52,60
86,88,58,78
49,53,42,52
43,45,32,38
58,62,40,54
70,74,64,78
82,90,18,30
40,46,34,46
41,47,34,46
72,80,32,40
74,80,48,60
44,48,36,46
70,78,76,86
31,35,22,38
28,34,74,78
90,94,54,64
85,89,44,56
49,53,22,32
21,23,16,22
70,74,70,82
78,82,76,80
29,35,52,62
30,32,22,30
50,54,48,60
61,65,96,116
34,38,34,36
84,88,54,70
56,62,52,66
34,36,30,34
68,72,66,70
31,35,24,32
35,39,34,50
100,104,66,82
53,57,42,52
62,66,50,62
114,118,76,86
29,33,50,58
62,66,66,68
79,83,46,58
45,49,50,60
16,20,54,66
71,81,52,66
77,81,72,84
50,58,34,44
26,28,14,26
61,65,54,64
51,55,42,52
55,59,72,80
74,80,50,60
51,59,38,60
56,58,44,56
44,46,30,40
61,71,88,100
41,47,32,44
63,67,54,66
46,50,42,48
51,57,50,60
29,33,30,40
64,68,30,40
103,107,50,60
57,63,44,64
77,81,70,80
59,61,48,60
34,40,44,58
112,116,72,78
67,69,38,50
22,26,22,28
95,99,52,60
48,52,52,62
66,68,18,38
79,83,42,52
36,40,30,38
75,79,52,60
25,29,30,40
52,56,34,44
81,87,22,28
81,87,34,46
39,45,30,38
60,68,52,68
23,29,22,26
48,52,34,42
74,78,76,86
50,54,38,52
87,93,62,78
19,23,20,26
76,80,36,50
56,60,32,38
60,66,34,44
77,81,34,38
41,45,50,60
96,106,86,100
17,19,12,18
33,37,34,44
69,71,36,44
53,59,32,38
59,63,58,72
49,53,50,58
40,46,38,60
63,67,52,66
88,94,50,60
61,63,30,38
66,70,46,64
77,81,72,80
57,61,74,84
66,74,30,38
53,55,36,46
33,39,36,42
33,35,16,30
55,59,50,58
50,56,36,44
23,27,50,62
34,38,34,38
47,49,34,46
44,48,34,46
46,54,42,58
60,62,56,60
44,50,34,46
69,77,32,44
62,66,52,64
83,95,54,64
98,102,34,44
68,72,62,66
29,31,18,22
16,22,58,82
66,72,54,72
51,57,30,38
42,46,20,32
50,58,48,58
51,55,22,32
141,145,28,38
102,108,44,52
34,40,34,40
73,77,34,44
104,108,42,46
60,64,48,62
105,109,32,40
13,15,8,12
50,56,50,54
32,34,76,86
55,59,48,58
65,71,44,58
19,23,20,26
48,50,34,48
37,41,58,66
46,50,16,26
23,27,30,40
42,48,52,64
53,55,18,26
42,44,36,42
72,76,30,38
102,106,44,52
53,57,46,56
55,59,76,86
41,45,24,38
60,66,48,70
37,43,46,58
32,40,34,48
33,35,14,20
60,64,54,62
54,60,50,60
80,84,92,100
26,30,46,58
58,62,36,46
80,84,76,90
44,46,22,26
35,39,52,68
63,67,36,44
29,31,80,96
42,46,10,22
63,67,52,68
43,47,54,68
46,48,24,46
68,74,24,44
34,38,34,44
23,25,16,24
49,53,34,46
80,84,42,52
66,72,76,86
77,81,92,100
50,54,96,106
43,49,34,50
65,69,54,68
61,69,66,84
25,29,34,38
37,41,34,40
23,29,32,40
65,67,56,66
72,76,34,40
130,134,50,60
57,61,34,38
21,25,72,84
62,72,86,110
133,143,88,98
64,68,38,62
39,45,36,44
29,33,22,32
53,57,50,60
39,43,38,46
27,29,22,28
56,62,56,68
50,54,46,52
77,81,32,40
44,46,20,22
69,79,70,80
65,67,58,66
83,87,74,84
70,76,58,82
40,44,30,42
66,70,50,58
59,63,62,70
53,55,46,54
48,52,34,50
27,31,74,84
109,115,22,28
76,82,54,60
70,74,66,72
26,30,22,28
85,91,52,60
14,18,94,100
90,96,48,54
66,70,72,78
43,51,54,66
96,104,50,60
62,66,44,54
76,84,50,60
53,57,22,32
20,24,66,78
55,59,14,20
24,30,10,18
91,97,66,78
58,62,44,52
37,39,30,38
32,36,14,26
75,77,32,40
60,62,38,60
59,67,76,86
77,81,76,80
31,37,34,46
68,72,50,70
27,31,34,38
36,40,76,90
81,87,30,40
15,19,54,66
85,89,72,88
71,75,54,66
55,59,74,86
92,96,26,32
33,35,24,34
37,41,24,44
125,131,30,40
66,70,54,66
102,106,42,58
67,71,50,58
45,51,96,108
55,63,16,22
74,82,26,38
91,95,32,38
17,21,94,104
36,40,26,38
34,38,56,68
75,79,76,86
48,54,34,40
45,49,30,48
72,74,52,60
59,63,66,72
63,67,76,90
16,20,52,60
65,69,54,66
52,56,52,60
14,18,28,38
99,103,12,18
54,58,44,60
43,47,38,46
47,51,46,64
42,48,42,46
43,49,24,46
130,132,54,66
57,61,34,44
61,65,44,52
147,153,52,60
50,54,32,40
41,45,32,40
66,70,32,42
63,65,14,18
92,98,50,60
76,78,80,90
60,64,30,38
100,104,64,78
20,24,30,46
36,40,46,68
35,37,28,36
62,66,16,28
37,41,48,58
37,41,30,38
57,61,34,44
41,47,58,78
71,77,44,60
56,60,32,40
28,32,24,38
51,55,46,60
105,109,26,38
